sample,rel_difference
dad,2.3013546
son3,1.6679113
son2,1.6679113
son1,1.6679113
daughter1,1.6679113
daughter2,1.4130893
mom,0.7943377
